field,hives,geo
AR18N,272,"POLYGON ((-118.8064742 35.2311253, -118.7973332 35.2311253, -118.797403 35.2374962, -118.797875 35.2375138, -118.7978804 35.2383112, -118.8064957 35.2382586, -118.806603 35.2381184, -118.8064742 35.2311253))"
AR18NE,260,"POLYGON ((-118.7969363 35.2375488, -118.7973922 35.2375138, -118.7973011 35.2343327, -118.7972635 35.2311516, -118.788498 35.2311867, -118.7885731 35.2383419, -118.7969363 35.238298, -118.7969363 35.2375488))"
AR18SE,132,"POLYGON ((-118.7972357 35.2274094, -118.7972142 35.2239388, -118.7884176 35.2239563, -118.7884927 35.2274883, -118.7972357 35.2274094))"
AR19NE,136,"POLYGON ((-118.7961423 35.2237613, -118.7961343 35.2231434, -118.7964473 35.2230361, -118.7971777 35.2230317, -118.7971446 35.2202401, -118.7882137 35.2202445, -118.7882934 35.2235181, -118.7885187 35.2237723, -118.7961423 35.2237613))"
AR18SW,64,"POLYGON ((-118.7976316 35.2311253, -118.8064722 35.2310903, -118.8063884 35.2242894, -118.8057446 35.2242718, -118.8057446 35.2239476, -118.8056266 35.2239651, -118.8055408 35.2239476, -118.8052833 35.2239826, -118.8052189 35.2238862, -118.8046396 35.2238862, -118.8035238 35.2238774, -118.8035238 35.2239563, -118.8036096 35.2239739, -118.8035882 35.2240878, -118.8033307 35.2241141, -118.8033307 35.223895, -118.7973527 35.2239213, -118.7973312 35.2273043, -118.7975673 35.2273919, -118.7975673 35.2276899, -118.7973527 35.2277074, -118.7973741 35.2307748, -118.7975887 35.2308975, -118.7976316 35.2311253))"
BR7,484,"POLYGON ((-119.6505761 35.6017124, -119.65446 35.6016251, -119.65446 35.5870731, -119.6424437 35.587108, -119.6424866 35.5903537, -119.6433878 35.5907724, -119.6436024 35.5923778, -119.6440744 35.5928314, -119.6455765 35.5940179, -119.6456194 35.5943669, -119.6455979 35.5946286, -119.6481514 35.5946112, -119.6505976 35.5945937, -119.6505761 35.6017124))"
BR35,1036,"POLYGON ((-119.6897793 35.5288735, -119.6719694 35.5289433, -119.6720552 35.5434011, -119.68081 35.5432265, -119.6896935 35.5432615, -119.6897793 35.5288735))"
BR19W,460,"POLYGON ((-119.6485913 35.572597, -119.6543741 35.5724835, -119.6541595 35.5580658, -119.6451902 35.5581357, -119.6453619 35.5652576, -119.6484518 35.5653972, -119.6485913 35.5690626, -119.6485913 35.572597))"
BR31W,560,"POLYGON ((-119.6540308 35.5291179, -119.6452117 35.5291005, -119.6452761 35.5435234, -119.6542239 35.5435757, -119.6542025 35.5363472, -119.6534944 35.5363472, -119.6534514 35.5358757, -119.654181 35.5358582, -119.6540308 35.5291179))"
BR19NE,184,"POLYGON ((-119.6447182 35.5654845, -119.641006 35.5655019, -119.641006 35.5674568, -119.6412849 35.5678321, -119.6419609 35.5684954, -119.6424437 35.5688357, -119.6428621 35.5691062, -119.6432161 35.5698306, -119.6437097 35.5707382, -119.6447504 35.5726319, -119.6485806 35.5725882, -119.6484947 35.5654845, -119.6447182 35.5654845))"
BR19SE,260,"POLYGON ((-119.6451473 35.5581706, -119.6363497 35.5582055, -119.6363068 35.5626742, -119.6394396 35.5654321, -119.6452332 35.5652925, -119.6451473 35.5581706))"
BM23,808,"POLYGON ((-119.996624 35.6452305, -119.9968888 35.6436377, -119.9924656 35.6436419, -119.9924438 35.6581739, -120.0080224 35.6582863, -120.0079415 35.6472886, -119.9969112 35.6473081, -119.996624 35.6452305))"
BM9S,576,"POLYGON ((-120.0280591 35.6728624, -120.0280489 35.6797652, -120.029763 35.6801451, -120.0449033 35.6801069, -120.0456688 35.6802487, -120.0458685 35.6801856, -120.0458763 35.6755892, -120.0453453 35.6733931, -120.0449902 35.6729073, -120.0280591 35.6728624))"
BM24W,280,"POLYGON ((-119.9880799 35.6436734, -119.9879447 35.6581966, -119.9923797 35.6581911, -119.9924332 35.6436129, -119.9880799 35.6436734))"
BM14NW,208,"POLYGON ((-120.0101967 35.6692003, -119.9968601 35.6691613, -119.9968389 35.6726901, -120.0102285 35.6727366, -120.0101967 35.6692003))"
BM29W & 30,1100,"POLYGON ((-119.9539447 35.6408885, -119.9567403 35.642356, -119.9583187 35.6432902, -119.9588597 35.6433844, -119.9593629 35.6433286, -119.9596916 35.6434869, -119.9623696 35.6435103, -119.9646735 35.6420045, -119.9649796 35.6414747, -119.9656544 35.6407745, -119.9657177 35.6405735, -119.9666746 35.6403023, -119.967244 35.6398794, -119.9679839 35.6389679, -119.969815 35.6386783, -119.9745802 35.6356592, -119.9745936 35.6290126, -119.9533653 35.629047, -119.9533439 35.6353952, -119.9532795 35.6398945, -119.9534726 35.6404874, -119.9539447 35.6408885))"
BM13SW & 14SE,408,"POLYGON ((-119.991442 35.6583336, -119.9836186 35.6582246, -119.9836421 35.6653856, -119.9968117 35.6654248, -119.9968171 35.6618989, -119.9968064 35.6601119, -119.9968064 35.6583336, -119.9924505 35.6582987, -119.9923539 35.6590659, -119.9914205 35.6590659, -119.991442 35.6583336))"
FRCI7,28,"POLYGON ((-119.6195645 36.6416033, -119.6195538 36.6372386, -119.6192051 36.6371999, -119.619189 36.637032, -119.6186525 36.6367393, -119.6186418 36.6361625, -119.6196342 36.6361323, -119.6196074 36.6344234, -119.6151603 36.6344966, -119.615171 36.6415818, -119.6195645 36.6416033))"
FRFI4,24,"POLYGON ((-119.6976221 36.6563528, -119.6977293 36.6527723, -119.6909273 36.6527378, -119.6909702 36.6563701, -119.6976221 36.6563528))"
FRFI6,8,"POLYGON ((-119.7341588 36.6561635, -119.7341323 36.6525829, -119.731493 36.6526001, -119.7314766 36.6561635, -119.7341588 36.6561635))"
FRCI22,60,"POLYGON ((-119.6778314 36.5321193, -119.6783261 36.5321349, -119.6783209 36.5291743, -119.6742868 36.5291915, -119.6741902 36.5325949, -119.6777326 36.5325961, -119.6778314 36.5321193))"
FRCI36,124,"POLYGON ((-119.7503918 36.587703, -119.7504348 36.5835549, -119.7548336 36.5835463, -119.7548819 36.5782478, -119.7460507 36.5781444, -119.7460413 36.580126, -119.7469801 36.5843001, -119.7478223 36.5877417, -119.7503918 36.587703))"
FRFI10,12,"POLYGON ((-119.7729385 36.6460238, -119.7729492 36.6460238, -119.7729707 36.6481069, -119.7773133 36.6480811, -119.7773051 36.6451457, -119.7739792 36.6451802, -119.7740114 36.6459635, -119.7729814 36.645985, -119.7729278 36.6460238, -119.7729385 36.6460238))"
FRFI33,32,"POLYGON ((-119.5860598 36.7558714, -119.5918212 36.756284, -119.5918855 36.7561379, -119.5919284 36.7538428, -119.5856092 36.7538342, -119.5858237 36.7549517, -119.5860598 36.7558714))"
FRFI9N,8,"POLYGON ((-119.8071226 36.6486492, -119.8071226 36.6475302, -119.8080023 36.6475043, -119.8080003 36.6469104, -119.8019084 36.646919, -119.8019405 36.6476335, -119.802992 36.6476507, -119.8030134 36.6486836, -119.8071226 36.6486492))"
FRCI10E,36,"POLYGON ((-119.5655901 36.6378089, -119.5621598 36.6377767, -119.562149 36.6395932, -119.5610654 36.6396104, -119.5610225 36.6450338, -119.5655608 36.6450424, -119.5655179 36.6414957, -119.5637584 36.6414613, -119.5637584 36.6408759, -119.5655394 36.6408587, -119.5655901 36.6378089))"
FRCI22S,104,"POLYGON ((-119.6815841 36.5290191, -119.6816056 36.5283811, -119.682893 36.5283466, -119.682893 36.5273293, -119.6815841 36.5272948, -119.6814339 36.5254843, -119.6781724 36.5254498, -119.6779578 36.525536, -119.6743314 36.5255015, -119.6743529 36.5289846, -119.6815841 36.5290191))"
FRCI25N,132,"POLYGON ((-119.6357489 36.5145858, -119.6335387 36.5145858, -119.633585 36.5147553, -119.6332255 36.5147734, -119.6331582 36.5145746, -119.6291506 36.5145686, -119.6291292 36.5161896, -119.6291399 36.51794, -119.6291828 36.5180435, -119.6347055 36.5180241, -119.6347082 36.5176964, -119.6349791 36.5176943, -119.635132 36.5176964, -119.6351507 36.5177363, -119.6352138 36.517732, -119.6352245 36.5178366, -119.6352486 36.517857, -119.6353009 36.5178538, -119.6353036 36.5179497, -119.6353345 36.5179734, -119.6354109 36.5179724, -119.6355088 36.5179702, -119.6356148 36.5179788, -119.6356228 36.5180284, -119.6359769 36.5180219, -119.636642 36.5180112, -119.6380126 36.5180349, -119.6380234 36.5146031, -119.6357489 36.5145858))"
FRCI25S,56,"POLYGON ((-119.6335047 36.5127319, -119.6335047 36.5073768, -119.6292132 36.5073854, -119.629181 36.5122576, -119.6298998 36.5122749, -119.6299105 36.5127146, -119.6335047 36.5127319))"
FRCI30N,24,"POLYGON ((-119.6193659 36.6885363, -119.6149349 36.6885191, -119.6149457 36.6921324, -119.6167052 36.6921669, -119.6167374 36.6913324, -119.6171987 36.6913152, -119.6171772 36.6921583, -119.6193659 36.6921496, -119.6193659 36.6885363))"
FRCI6SE,36,"POLYGON ((-119.6195912 36.652514, -119.6195564 36.6490021, -119.6107802 36.6490538, -119.6106434 36.6525657, -119.6195912 36.652514))"
FRCI6SW,64,"POLYGON ((-119.8360026 36.5679168, -119.835983 36.5689606, -119.8404338 36.568931, -119.8404336 36.5653403, -119.8360026 36.5653834, -119.836024 36.5675894, -119.8371291 36.5675722, -119.837333 36.56771, -119.8377728 36.5677186, -119.8379552 36.5677617, -119.8383093 36.56771, -119.8382986 36.5678996, -119.8360026 36.5679168))"
FRFI9NW,16,"POLYGON ((-119.8074102 36.6463939, -119.8078615 36.6463933, -119.8078629 36.645959, -119.8088113 36.645959, -119.8087406 36.6433035, -119.8043926 36.6432872, -119.8043653 36.6468903, -119.8073995 36.6469018, -119.8074102 36.6463939))"
FRCI14SW,72,"POLYGON ((-119.7727108 36.5368837, -119.7727103 36.5365191, -119.768563 36.5365219, -119.7685641 36.5400898, -119.7730398 36.5400873, -119.7730679 36.5368834, -119.7727108 36.5368837))"
FRCI25NE,96,"POLYGON ((-119.6335387 36.5127405, -119.6291077 36.5127836, -119.6290863 36.5138701, -119.6293652 36.5138443, -119.6296227 36.5138615, -119.6296307 36.514232, -119.6291329 36.5142414, -119.6290707 36.5145202, -119.6380019 36.5145513, -119.6379805 36.5110331, -119.6357703 36.510921, -119.6335226 36.5109426, -119.633528 36.5118265, -119.6335226 36.5122792, -119.6335387 36.5127405))"
FRFI15SE,44,"POLYGON ((-119.7817791 36.6233896, -119.7817469 36.6198247, -119.7773695 36.6198419, -119.7773688 36.623381, -119.7817791 36.6233896))"
FRFI30NW,32,"POLYGON ((-119.9477622 36.7786514, -119.9477193 36.7774182, -119.9477139 36.7750894, -119.9434063 36.7751023, -119.9434009 36.775953, -119.9435779 36.7759573, -119.9435779 36.7759144, -119.9438784 36.7759358, -119.9438837 36.776039, -119.9438408 36.7760433, -119.9438623 36.7763526, -119.9434063 36.7763741, -119.943417 36.7777534, -119.9447313 36.7777405, -119.9447259 36.7777104, -119.9450853 36.7777147, -119.9451068 36.77866, -119.9477622 36.7786514))"
FRFI33SE,56,"POLYGON ((-120.0151849 36.754582, -120.0151767 36.7532496, -120.0085462 36.7532239, -120.008557 36.7568342, -120.0152089 36.7568342, -120.0151742 36.7550462, -120.0140798 36.7550118, -120.0141013 36.7545992, -120.0151849 36.754582))"
FRLW29NE,72,"POLYGON ((-119.8179352 36.5109555, -119.8134789 36.5109989, -119.8135149 36.5146031, -119.8180318 36.5146117, -119.8179352 36.5109555))"
FRCI23&24,68,"POLYGON ((-119.6383882 36.6131508, -119.6375299 36.6132025, -119.6375084 36.6147095, -119.6374869 36.6196955, -119.6409202 36.6196783, -119.6409631 36.6193338, -119.6417999 36.6193511, -119.6418643 36.6153726, -119.6464562 36.6153726, -119.6464777 36.6162338, -119.6509624 36.616251, -119.6509194 36.6126685, -119.646349 36.6126341, -119.6442032 36.6125824, -119.6442246 36.6107911, -119.6464777 36.6107911, -119.6465206 36.6095338, -119.6456838 36.6095338, -119.6456838 36.6090687, -119.6419716 36.6089998, -119.6419501 36.6126169, -119.6383023 36.6125652, -119.6383882 36.6131508))"
FRFI31,12,"POLYGON ((-119.9476469 36.7587252, -119.9476529 36.7569545, -119.9443591 36.7569545, -119.9443424 36.7576336, -119.943248 36.7576336, -119.9432695 36.760556, -119.9476576 36.7604959, -119.9476469 36.7587252))"
KAW9,24,"POLYGON ((-119.2697226 36.2919877, -119.2697011 36.2911921, -119.2610537 36.2911575, -119.2610443 36.2930384, -119.2620313 36.2930341, -119.2620635 36.294703, -119.2652808 36.2946857, -119.2653237 36.2920396, -119.2697226 36.2919877))"
KAW13S,140,"POLYGON ((-119.3182189 36.2766714, -119.3222744 36.2765849, -119.322607 36.2765503, -119.3268556 36.2765157, -119.3268449 36.2729867, -119.3256862 36.2729781, -119.325654 36.2735143, -119.325257 36.2737652, -119.3252356 36.2741025, -119.3248064 36.2740939, -119.3245918 36.2737825, -119.3245918 36.2729348, -119.3245596 36.2698295, -119.3238408 36.2698209, -119.3238301 36.2694662, -119.322371 36.2694576, -119.3223817 36.2730213, -119.3179614 36.2731164, -119.3180043 36.2764811, -119.3182189 36.2766714))"
KAW1&2S,36,"POLYGON ((-119.2279874 36.2127359, -119.2279874 36.2109699, -119.2214428 36.2110046, -119.221357 36.2119914, -119.221078 36.2120607, -119.2209922 36.2109699, -119.2203699 36.2110219, -119.2200051 36.2112123, -119.2198335 36.2114028, -119.220091 36.2181026, -119.22258 36.2181026, -119.2225586 36.2160944, -119.2245327 36.2160425, -119.2244683 36.2126839, -119.2279874 36.2127359))"
PID32SW,112,"POLYGON ((-119.0843874 36.0585622, -119.0874666 36.0585535, -119.0874452 36.0584668, -119.0872306 36.0584581, -119.0872628 36.0582499, -119.087531 36.0581979, -119.0875417 36.0561249, -119.0880138 36.0560642, -119.0881533 36.0559861, -119.0886682 36.0559861, -119.0886682 36.0533059, -119.0874559 36.0532799, -119.0874344 36.0531498, -119.0875632 36.052933, -119.0879387 36.0529156, -119.0879709 36.0525773, -119.0886682 36.0525686, -119.0886897 36.0515798, -119.0884966 36.0514323, -119.0847093 36.052213, -119.0846449 36.0524038, -119.0844518 36.0523605, -119.0844691 36.0548499, -119.08463 36.0549019, -119.0846086 36.054993, -119.0844584 36.055006, -119.0844369 36.0561553, -119.084512 36.056602, -119.0846944 36.0569272, -119.0850163 36.0572265, -119.084394 36.0572048, -119.0843874 36.0585622))"
DR5,24,"POLYGON ((-119.9309206 35.94862, -119.9321222 35.9511909, -119.9326372 35.9521723, -119.9333346 35.9530756, -119.9349976 35.9542393, -119.9358988 35.9547344, -119.9369287 35.9555942, -119.9373043 35.9563758, -119.9375403 35.9572356, -119.9374974 35.9579998, -119.937315 35.9586945, -119.9385488 35.9598495, -119.9395895 35.9610566, -119.938345 35.9591461, -119.9381304 35.9583472, -119.9379265 35.9562108, -119.9366283 35.9545259, -119.9357593 35.9535098, -119.9352551 35.9525718, -119.9343967 35.9504092, -119.9329376 35.9479599, -119.9309206 35.94862))"
DR33,36,"POLYGON ((-119.9325209 35.963712, -119.928808 35.9636642, -119.9287909 35.9638633, -119.9324315 35.9676229, -119.9325209 35.963712))"
DR41,144,"POLYGON ((-119.9326991 35.9563909, -119.9281361 35.9563762, -119.9280345 35.9634795, -119.9281915 35.9636138, -119.9325443 35.9636448, -119.9325943 35.9600319, -119.9326991 35.9563909))"
DR42,116,"POLYGON ((-119.9281352 35.9563808, -119.9239441 35.9563941, -119.923919 35.9570457, -119.9237408 35.9572391, -119.9236035 35.9635576, -119.9279702 35.9635837, -119.9281352 35.9563808))"
DR45,216,"POLYGON ((-119.9298032 35.9526613, -119.926207 35.9491361, -119.9153756 35.9490826, -119.9187326 35.9526847, -119.9237257 35.9526381, -119.9236522 35.9563462, -119.9284084 35.956343, -119.9248834 35.9526597, -119.9298032 35.9526613))"
DR4S,12,"POLYGON ((-119.9326265 35.9541438, -119.9325836 35.9523373, -119.9322402 35.9518162, -119.931854 35.9509825, -119.9312425 35.9493844, -119.9293971 35.9494017, -119.9278092 35.949367, -119.9326265 35.9541438))"
DR5E,12,"POLYGON ((-119.937079 35.9585209, -119.9373472 35.9574961, -119.9372721 35.9568708, -119.9371111 35.9563584, -119.9367678 35.9556984, -119.9361885 35.9551165, -119.9354696 35.9546302, -119.9341607 35.9538311, -119.9332273 35.9532145, -119.9326265 35.9524416, -119.9326158 35.9541438, -119.937079 35.9585209))"
DR9W,284,"POLYGON ((-119.9264386 35.9380231, -119.9257949 35.9361467, -119.9255374 35.9356603, -119.9246979 35.9347568, -119.9148944 35.9347916, -119.9149373 35.9369459, -119.9278092 35.9493496, -119.9312639 35.9494017, -119.9264386 35.9380231))"
DR29W,472,"POLYGON ((-119.9495992 35.9925341, -119.9497841 35.9925379, -119.9498463 35.9895353, -119.9499321 35.987695, -119.9500179 35.9813922, -119.9475503 35.978475, -119.9418211 35.9783708, -119.9402162 35.9783644, -119.9351803 35.9782811, -119.9410759 35.9885691, -119.9410205 35.9925947, -119.9496021 35.9927034, -119.9495992 35.9925341))"
DR32W,144,"POLYGON ((-119.9373841 35.9637518, -119.9502754 35.9812706, -119.9503613 35.9789786, -119.9440912 35.9701392, -119.9403974 35.9645104, -119.940479 35.9644387, -119.940523 35.963858, -119.9389039 35.9629357, -119.9388541 35.9626268, -119.9395453 35.9620973, -119.9393759 35.96174, -119.9369319 35.9593783, -119.936494 35.9602857, -119.9363885 35.9613319, -119.9373841 35.9637518))"
DR4SW,72,"POLYGON ((-119.9327879 35.9554522, -119.9326675 35.9553431, -119.9325536 35.9553577, -119.9298529 35.9526745, -119.9253577 35.9526766, -119.9288124 35.9563632, -119.9327735 35.9563834, -119.9327879 35.9554522))"
DR9NW,12,"POLYGON ((-119.9317038 35.9457364, -119.9310279 35.9442946, -119.9294829 35.9447202, -119.9310279 35.9485592, -119.932723 35.9480034, -119.9327981 35.9477862, -119.9317038 35.9457364))"
DR9SW,12,"POLYGON ((-119.9292845 35.937137, -119.9294561 35.9361294, -119.9285924 35.9346265, -119.927702 35.9348003, -119.9268329 35.9350609, -119.9256849 35.9355995, -119.9265593 35.937832, -119.9292845 35.937137))"
DR20NW,188,"POLYGON ((-119.9499827 36.0040517, -119.9485668 36.0040387, -119.9485878 36.0028971, -119.9499547 36.0029168, -119.9500525 35.9990498, -119.9408072 35.9988801, -119.9408292 35.9999911, -119.9410469 36.0000587, -119.9421064 36.0043046, -119.9479391 36.0073005, -119.9499473 36.0073358, -119.9499827 36.0040517))"
DR20SE,164,"POLYGON ((-119.9409633 35.9929009, -119.9341558 35.9928159, -119.9340733 35.9962533, -119.936676 35.9962745, -119.9365739 35.9997864, -119.9367622 35.9998964, -119.940788 35.999933, -119.9409633 35.9929009))"
DR20SW,200,"POLYGON ((-119.9500558 35.9968546, -119.9481828 35.9967953, -119.9482231 35.994397, -119.9486806 35.9943863, -119.9486384 35.9932237, -119.9479213 35.9931988, -119.9479309 35.9927878, -119.940988 35.992666, -119.9408303 35.9988782, -119.9500222 35.9990118, -119.9500558 35.9968546))"
DR30SE,24,"POLYGON ((-119.9525452 35.9864449, -119.9524641 35.9856114, -119.9536872 35.9855594, -119.9549747 35.9855073, -119.9535155 35.9831285, -119.9526143 35.9815832, -119.9514985 35.9798468, -119.9508762 35.9789959, -119.9504256 35.9792217, -119.9502969 35.9814269, -119.9500669 35.9814182, -119.9500132 35.9854378, -119.9525452 35.9864449))"
DR15E,96,"POLYGON ((-119.9031116 35.9343207, -119.9104071 35.9343746, -119.9100096 35.9333008, -119.8998698 35.923175, -119.895146 35.9263746, -119.9031116 35.9343207))"
DR18W,124,"POLYGON ((-119.9673879 36.0218653, -119.9674201 36.0116687, -119.9634933 36.0115993, -119.9630642 36.0117555, -119.9625707 36.0118943, -119.9608326 36.0118943, -119.9600816 36.0116513, -119.9595988 36.0117381, -119.9594486 36.0120419, -119.9594057 36.0217612, -119.9595344 36.0218393, -119.9673879 36.0218653))"
DR19S,516,"POLYGON ((-119.8612717 35.9052328, -119.8440048 35.9051761, -119.8439563 35.9123272, -119.8522588 35.9123591, -119.8525958 35.9124103, -119.8612895 35.912479, -119.8612717 35.9052328))"
DR24W,204,"POLYGON ((-119.874835503873 35.9052647806346, -119.8786712 35.9091782, -119.8786712 35.9061193, -119.8780704 35.9058065, -119.8779416 35.9052503, -119.874835503873 35.9052647806346))"
DR25E,232,"POLYGON ((-119.8615245 35.8926532, -119.8614187 35.9051265, -119.8733751 35.905176, -119.8615245 35.8926532))"
DR25W,252,"POLYGON ((-119.8748088 35.9051982, -119.8780351 35.9052285, -119.8814285 35.9051895, -119.8813641 35.9050678, -119.8790076 35.9027744, -119.8669754 35.8909991, -119.8663524 35.8909453, -119.8660013 35.8907536, -119.8660541 35.8904756, -119.8639405 35.8882765, -119.8617196 35.8858774, -119.8615801 35.8858514, -119.8614746 35.8907163, -119.8614346 35.8911253, -119.8748088 35.9051982))"
DR31E,172,"POLYGON ((-119.8524928 35.8834783, -119.8441458 35.8834001, -119.8439741 35.8904756, -119.8482656 35.8905103, -119.8525143 35.8904929, -119.8524928 35.8834783))"
DR18SE,320,"POLYGON ((-119.8522782 35.9197095, -119.8438472 35.9195911, -119.8438614 35.9231525, -119.8440826 35.923238, -119.8440343 35.9284023, -119.8522568 35.9284325, -119.8521924 35.9239669, -119.8522782 35.9197095))"
DR19NE,268,"POLYGON ((-119.8523084 35.9124208, -119.8439431 35.9123674, -119.8438732 35.9195394, -119.8522725 35.9195711, -119.8523084 35.9124208))"
DR20NW,380,"POLYGON ((-119.9499827 36.0040517, -119.9485668 36.0040387, -119.9485878 36.0028971, -119.9499547 36.0029168, -119.9500525 35.9990498, -119.9408072 35.9988801, -119.9408292 35.9999911, -119.9410469 36.0000587, -119.9421064 36.0043046, -119.9479391 36.0073005, -119.9499473 36.0073358, -119.9499827 36.0040517))"
KD5S,72,"POLYGON ((-118.9878559 35.2595496, -118.9892872 35.2595409, -118.9892979 35.2577449, -118.9898129 35.2577449, -118.9898515 35.2595146, -118.9908385 35.2595671, -118.99086 35.2559402, -118.98983 35.2559051, -118.9898602 35.2523656, -118.9854185 35.2524182, -118.9854741 35.2595496, -118.9878559 35.2595496))"
KD6,36,"POLYGON ((-119.0125431 35.2631501, -119.020697 35.2631326, -119.0207292 35.2622391, -119.0209438 35.2619237, -119.0209867 35.261766, -119.0212011 35.261582, -119.020654 35.2595934, -119.0196776 35.2595759, -119.0190554 35.2595671, -119.0187979 35.2596635, -119.0178754 35.2596898, -119.0120389 35.2596285, -119.0120389 35.2620814, -119.01235 35.2622829, -119.0124466 35.2624581, -119.0125431 35.2631501))"
KD32,212,"POLYGON ((-118.997426 35.27565, -118.9974314 35.2735303, -118.9956665 35.2734602, -118.9956236 35.2713755, -118.985458 35.2713055, -118.9855438 35.2754047, -118.9856082 35.2756324, -118.997426 35.27565))"
KD5S,156,"POLYGON ((-118.9878559 35.2595496, -118.9892872 35.2595409, -118.9892979 35.2577449, -118.9898129 35.2577449, -118.9898515 35.2595146, -118.9908385 35.2595671, -118.99086 35.2559402, -118.98983 35.2559051, -118.9898602 35.2523656, -118.9854185 35.2524182, -118.9854741 35.2595496, -118.9878559 35.2595496))"
KD5NE,120,"POLYGON ((-118.985517 35.2666979, -118.9897013 35.2666541, -118.9897656 35.2614244, -118.9892077 35.2614244, -118.9891434 35.2596372, -118.985517 35.2596547, -118.9854741 35.2642276, -118.985517 35.2666979))"
KD29NW,276,"POLYGON ((-118.8872328 35.2015952, -118.8872463 35.206888, -118.8881605 35.2068883, -118.8882963 35.206967, -118.8882869 35.2086653, -118.8959288 35.2086422, -118.896067 35.2084538, -118.8960707 35.2015733, -118.8872328 35.2015952))"
KGS8S,48,"POLYGON ((-119.6099349 36.3718157, -119.6067808 36.3717639, -119.6067701 36.3726364, -119.6067057 36.3726968, -119.6054826 36.3726882, -119.605429 36.3725845, -119.6054183 36.3718243, -119.6052895 36.3717466, -119.6010946 36.3717034, -119.6011267 36.3756425, -119.6011053 36.3757635, -119.6012018 36.3758412, -119.6013306 36.3758671, -119.6055793 36.3759017, -119.6098279 36.3759665, -119.609892 36.3759276, -119.6099349 36.3718157))"
KGS16NW,124,"POLYGON ((-119.6010086 36.371522, -119.60103 36.3650081, -119.5985624 36.3652154, -119.5966956 36.3653364, -119.5965668 36.3654055, -119.5966312 36.3714356, -119.5968243 36.3716084, -119.6010086 36.371522))"
KGS33SW,124,"POLYGON ((-119.7041717 36.2327987, -119.7041288 36.2308428, -119.7042575 36.2307217, -119.7041502 36.2257193, -119.7000518 36.2256327, -119.7000303 36.232591, -119.7002664 36.2329198, -119.7009959 36.2329544, -119.701232 36.232816, -119.7041717 36.2327987))"
LC30,236,"POLYGON ((-119.8437381 36.3350234, -119.8436348 36.3280224, -119.8389637 36.3279706, -119.8389423 36.3287441, -119.8391086 36.3289646, -119.839114 36.3303259, -119.834758 36.3303172, -119.8347084 36.3351444, -119.8437381 36.3350234))"
DR07W,372,"POLYGON ((-119.9597812 36.0362251, -119.9674845 36.0361904, -119.9674255 36.0219217, -119.9594271 36.0219043, -119.9594057 36.022976, -119.9593198 36.0230281, -119.9593252 36.0289891, -119.9592662 36.033362, -119.9593145 36.0361123, -119.9597812 36.0362251))"
LHN6S,484,"POLYGON ((-119.8675346 35.7774357, -119.8669124 35.7772094, -119.8669338 35.7744936, -119.8591661 35.7745111, -119.8593409 35.7753811, -119.8576186 35.7753079, -119.8576212 35.7745459, -119.8497248 35.7745807, -119.8497677 35.7765305, -119.8645735 35.7847644, -119.8651743 35.7847121, -119.8655391 35.7845555, -119.8669767 35.7852692, -119.8675346 35.7852518, -119.8675346 35.7774357))"
LHN7E,548,"POLYGON ((-119.8585959 35.7606208, -119.8579919 35.760619, -119.8580503 35.7601124, -119.8498535 35.7601298, -119.8496604 35.7745981, -119.8587067 35.7745155, -119.8585959 35.7606208))"
LHN7NW,276,"POLYGON ((-119.8675561 35.7671815, -119.858706 35.7672358, -119.8586516 35.7745157, -119.8657459 35.7744409, -119.8657171 35.7738152, -119.8670133 35.7738623, -119.867013 35.7744423, -119.8675632 35.77442, -119.8675561 35.7671815))"
LHN7SW,276,"POLYGON ((-119.8675067 35.7602068, -119.8672342 35.7600253, -119.8591994 35.7601354, -119.8592271 35.7605786, -119.8586508 35.7606206, -119.8586511 35.7671468, -119.8675453 35.7670804, -119.8675067 35.7602068))"
LHN12SE,512,"POLYGON ((-119.8805696 35.7721243, -119.8805143 35.7712434, -119.8806658 35.7603628, -119.8805091 35.7601749, -119.8687577 35.7602169, -119.8688085 35.7607388, -119.8678157 35.7607564, -119.8677536 35.7636716, -119.8687781 35.7637425, -119.8687312 35.7647621, -119.867768 35.7647793, -119.8677987 35.7671439, -119.8764366 35.7671211, -119.8765124 35.7744599, -119.8817037 35.7744385, -119.8805696 35.7721243))"
LHS16S,120,"POLYGON ((-119.7254527 35.6666233, -119.7254312 35.6593535, -119.7075784 35.6594756, -119.7077072 35.6668151, -119.7254527 35.6666233))"
LHS22NW,276,"POLYGON ((-119.6986027 35.6523098, -119.6987486 35.659493, -119.7077608 35.6593535, -119.7076364 35.6520657, -119.6986027 35.6523098))"
LHS35 AIRPORT,420,"POLYGON ((-119.6802306 35.6305817, -119.6801921 35.6300236, -119.6806641 35.6300411, -119.6807285 35.6303725, -119.6809216 35.6303027, -119.6809216 35.6163141, -119.6720167 35.6163141, -119.6719952 35.6219656, -119.6720338 35.6306341, -119.6802306 35.6305817))"
NK26N,492,"POLYGON ((-119.3660452 35.6448716, -119.3664834 35.6448719, -119.3665516 35.6380939, -119.3600124 35.6381375, -119.359991 35.6386476, -119.3578023 35.6386607, -119.3577755 35.6393539, -119.3560803 35.6393626, -119.3560803 35.6381114, -119.3550235 35.6381114, -119.3550181 35.6387784, -119.3538165 35.6387784, -119.3537414 35.6387043, -119.3533874 35.6387043, -119.3533713 35.6381375, -119.3520248 35.6381299, -119.352006 35.6385779, -119.3518893 35.6386454, -119.3499258 35.6386229, -119.3499327 35.6387784, -119.3489994 35.6388316, -119.3489242 35.6448992, -119.3489671 35.645091, -119.3660259 35.6450823, -119.3660452 35.6448716))"
STNE15,164,"POLYGON ((-119.375124 35.6668848, -119.3750589 35.663311, -119.3771195 35.6632936, -119.3792217 35.6632761, -119.3792432 35.6631367, -119.3795872 35.6630844, -119.3795221 35.6597022, -119.376561 35.6597022, -119.3765395 35.6603298, -119.3763249 35.6603298, -119.3761962 35.6602078, -119.3752091 35.6602078, -119.3751884 35.6620035, -119.3745225 35.6620209, -119.3744796 35.6615676, -119.3707245 35.6614979, -119.3707245 35.6668325, -119.375124 35.6668848))"
STNE1E,344,"POLYGON ((-119.4469274 35.6015032, -119.438652 35.601475, -119.4388291 35.6085404, -119.4388908 35.608584, -119.4388774 35.6095478, -119.4380647 35.6095478, -119.4378613 35.6157297, -119.4467663 35.6158366, -119.4469274 35.6015032))"
STNE18N,560,"POLYGON ((-119.4382359 35.579703, -119.4205292 35.579679, -119.4204105 35.5868762, -119.438149 35.5868325, -119.4382359 35.579703))"
STNE18S,552,"POLYGON ((-119.438406 35.5723949, -119.4213344 35.5724162, -119.4213843 35.5728633, -119.4206098 35.5728633, -119.4205343 35.5795703, -119.4383137 35.5795344, -119.438406 35.5723949))"
STNE24N,548,"POLYGON ((-119.4556546 35.5656939, -119.4555044 35.5656721, -119.4554723 35.5650415, -119.438628 35.5651223, -119.4385368 35.5723003, -119.4425601 35.5722697, -119.4465458 35.5722784, -119.446975 35.5722304, -119.4470555 35.5719381, -119.4471735 35.5718639, -119.4473505 35.5718421, -119.4473237 35.5722043, -119.4473889 35.5722295, -119.4562072 35.5722348, -119.4562823 35.5656634, -119.4556546 35.5656939))"
STNE26E,140,"POLYGON ((-119.4567168 35.5505636, -119.456647 35.5505462, -119.4565659 35.5576861, -119.4608366 35.5576862, -119.4609118 35.5505069, -119.4598442 35.5505156, -119.4587713 35.5505069, -119.4577199 35.55052, -119.4571674 35.5505112, -119.4567168 35.5505636))"
STNE26W,72,"POLYGON ((-119.465332 35.5541031, -119.4609332 35.5540682, -119.4608796 35.5576818, -119.4630629 35.5576338, -119.4653159 35.5576338, -119.465332 35.5541031))"
STNE3NW,60,"POLYGON ((-119.3838036 35.7030842, -119.3838358 35.6994859, -119.3793941 35.6994859, -119.379437 35.7030755, -119.3838036 35.7030842))"
STNE4SW,132,"POLYGON ((-119.4011521 35.6887336, -119.3983841 35.6887423, -119.3983626 35.6894917, -119.3973112 35.6894917, -119.3972361 35.69587, -119.4005835 35.6958613, -119.4005728 35.6956783, -119.4011414 35.6956696, -119.4011521 35.6887336))"
STNE5SE,280,"POLYGON ((-119.4101188 35.6958221, -119.4101241 35.6954605, -119.4105318 35.6954431, -119.4105801 35.6887946, -119.4032684 35.6887859, -119.4032684 35.6889602, -119.4031933 35.688982, -119.403204 35.6892173, -119.4018361 35.6892085, -119.4018576 35.6958831, -119.4101188 35.6958221))"
STNE8NE,280,"POLYGON ((-119.4107008 35.6815007, -119.4018763 35.6814789, -119.4018227 35.688616, -119.4101751 35.6885855, -119.4101751 35.6881367, -119.4106579 35.6881237, -119.4107008 35.6815007))"
STNE17SW & 20NE,544,"POLYGON ((-119.4198849 35.5788789, -119.4204346 35.578879, -119.4203849 35.5731275, -119.4196854 35.5731275, -119.4196604 35.5725178, -119.4200993 35.5722043, -119.4200563 35.5718552, -119.4200563 35.5718203, -119.4206142 35.5716807, -119.4206142 35.5651354, -119.411602 35.5651528, -119.4116433 35.5796278, -119.4198847 35.5795905, -119.4198849 35.5788789))"
STNW17,816,"POLYGON ((-119.5270219 35.5802185, -119.526006 35.5802358, -119.5260054 35.5793237, -119.5270424 35.5792892, -119.5271578 35.5721391, -119.519044 35.5721294, -119.5190652 35.5724569, -119.5184515 35.57244, -119.5183677 35.5802193, -119.5170983 35.580271, -119.5171195 35.5793762, -119.5098619 35.5794625, -119.5098404 35.5798584, -119.5094593 35.5799272, -119.5094103 35.5861969, -119.5099609 35.5865069, -119.5268986 35.5865362, -119.5270219 35.5802185))"
STNW20S,72,"POLYGON ((-119.5141697 35.5576032, -119.5096963 35.5575883, -119.5097065 35.5609461, -119.5100605 35.5611817, -119.5141053 35.5611992, -119.5141697 35.5576032))"
STNW21E,416,"POLYGON ((-119.5052218 35.5576993, -119.4920361 35.5576294, -119.4920254 35.5610683, -119.491996 35.5648367, -119.4986129 35.5647863, -119.5051789 35.5648037, -119.5052218 35.5576993))"
STNW21W,124,"POLYGON ((-119.509589 35.558642, -119.5082217 35.5586423, -119.5082259 35.5576753, -119.5052862 35.5576469, -119.5052648 35.5611905, -119.5051575 35.5647863, -119.5095778 35.5648037, -119.509589 35.558642))"
STNW8NE,328,"POLYGON ((-119.5223906 35.5975033, -119.5180262 35.5975292, -119.5180964 35.5938347, -119.5095778 35.5938173, -119.5093095 35.5940354, -119.5092022 35.6008662, -119.5224309 35.6009622, -119.5223906 35.5975033))"
STNW8SW,260,"POLYGON ((-119.5269414 35.5875152, -119.5255867 35.5875154, -119.5255858 35.586586, -119.5226017 35.586569, -119.5224537 35.58681, -119.5223055 35.5867928, -119.5222631 35.5865518, -119.5181988 35.5865692, -119.5180964 35.5935468, -119.5220546 35.5934413, -119.5221817 35.5933379, -119.5223451 35.5932327, -119.5224738 35.5932502, -119.5226901 35.5934239, -119.5264864 35.5935119, -119.5267569 35.5933023, -119.5269414 35.5875152))"
STNW9NE,132,"POLYGON ((-119.495764 35.5947898, -119.4953301 35.594746, -119.4953839 35.5942389, -119.4951669 35.5940626, -119.4951396 35.5938202, -119.4915877 35.5938224, -119.4913387 35.6009447, -119.4957805 35.6009578, -119.495764 35.5947898))"
STNW9NW,132,"POLYGON ((-119.5002063 35.5938379, -119.4959471 35.5938551, -119.4958502 35.6009534, -119.5001793 35.6009534, -119.5002063 35.5938379))"
STNW9SE,132,"POLYGON ((-119.4956356 35.5932327, -119.4959041 35.5932222, -119.4959062 35.5866151, -119.4915372 35.5866194, -119.4914889 35.5935032, -119.4956356 35.5934988, -119.4956356 35.5932327))"
STNW9SW,132,"POLYGON ((-119.5004153 35.586602, -119.4959736 35.5866194, -119.4959092 35.59332, -119.4960058 35.5934988, -119.4998842 35.5934945, -119.5002973 35.5933156, -119.5004153 35.586602))"
STNW28NE,232,"POLYGON ((-119.5008981 35.5522221, -119.4964687 35.5522073, -119.4965154 35.5504938, -119.4962967 35.5504041, -119.4921702 35.5504152, -119.4920683 35.557145, -119.4931841 35.5571494, -119.4932109 35.5575902, -119.5008016 35.5575422, -119.5008981 35.5522221))"
STSW9E,176,"POLYGON ((-119.4989562 35.5048062, -119.4965692 35.5048552, -119.4933657 35.502225, -119.4926143 35.5022244, -119.4925189 35.5114175, -119.4970679 35.5115485, -119.4969714 35.5150942, -119.5013487 35.5151815, -119.5013916 35.5048499, -119.4989562 35.5048062))"
STSW10W,64,"POLYGON ((-119.4923211 35.5079132, -119.4880269 35.5078056, -119.4880272 35.5113847, -119.4923555 35.5114372, -119.4923211 35.5079132))"
STSW9NE,68,"POLYGON ((-119.4970079 35.5115599, -119.492637 35.511454, -119.4926033 35.5141454, -119.4935587 35.5141444, -119.4935246 35.514977, -119.4969821 35.5150418, -119.4970079 35.5115599))"
STSW10NE,272,"POLYGON ((-119.4799876 35.5077757, -119.4764437 35.507812, -119.4764421 35.508256, -119.4759963 35.5082566, -119.4760668 35.5077847, -119.4747684 35.5077302, -119.4747696 35.5148054, -119.4835496 35.5148846, -119.4834948 35.5077807, -119.4799876 35.5077757))"
STSW10NW,188,"POLYGON ((-119.4922874 35.5115205, -119.4879251 35.5114958, -119.4879244 35.5096368, -119.4856765 35.5096378, -119.4857765 35.5078074, -119.4835968 35.5078084, -119.4836998 35.514937, -119.492085 35.5150176, -119.4921189 35.51474, -119.4922893 35.5146288, -119.4922874 35.5115205))"
STSW16NW,268,"POLYGON ((-119.5104575 35.4934163, -119.5015293 35.4933475, -119.5015097 35.5005614, -119.5041538 35.5005115, -119.5040842 35.4991005, -119.5059085 35.4991027, -119.5059621 35.5005701, -119.5103717 35.5005876, -119.5103931 35.4969801, -119.5104575 35.4934163))"
SFW4S,44,"POLYGON ((-119.4023885 35.6037711, -119.4023885 35.6016949, -119.4022704 35.6016339, -119.398172 35.6016513, -119.3980326 35.6016339, -119.397421 35.6016251, -119.3974532 35.6037013, -119.398054 35.60371, -119.3981828 35.6037362, -119.4023134 35.6037885, -119.4023885 35.6037711))"
SFW1NE,24,"POLYGON ((-119.3342744 35.612533, -119.3342743 35.6128645, -119.3336539 35.6128712, -119.3336626 35.6124707, -119.3317255 35.6124564, -119.3317224 35.615951, -119.3357105 35.615961, -119.335674 35.6125025, -119.3342744 35.612533))"
SFW4NW,140,"POLYGON ((-119.4023238 35.6094131, -119.4017648 35.6094052, -119.4017547 35.6087726, -119.4014525 35.608778, -119.4014311 35.608778, -119.4010019 35.6087868, -119.4005728 35.608778, -119.4000256 35.6087868, -119.3996072 35.6087955, -119.399339 35.6087955, -119.3992102 35.608778, -119.3991673 35.6087868, -119.3990386 35.608778, -119.3989849 35.6087868, -119.3988669 35.6087868, -119.398427 35.6087955, -119.3982983 35.6088042, -119.3981266 35.608778, -119.3980725 35.6159036, -119.4023153 35.6158737, -119.4023238 35.6094131))"
SFW4SE,52,"POLYGON ((-119.3974721 35.6075743, -119.3969786 35.6067805, -119.396528 35.6060042, -119.3964365 35.6057425, -119.396174 35.6057512, -119.3960023 35.6052191, -119.3936956 35.6052017, -119.3937063 35.6087083, -119.3974829 35.6087083, -119.3975902 35.6087257, -119.3974721 35.6075743))"
SFW4SW,116,"POLYGON ((-119.4023777 35.6085861, -119.402367 35.6085251, -119.4023752 35.6062484, -119.4023992 35.6037885, -119.3981506 35.6037798, -119.3981481 35.6052453, -119.3964207 35.6052627, -119.3964529 35.605821, -119.3974936 35.6075307, -119.3976116 35.6087083, -119.4022383 35.6086821, -119.4023777 35.6085861))"
SJ31SW,32,"POLYGON ((-119.3303525 35.7032802, -119.3279064 35.7033064, -119.3279386 35.7040121, -119.3269086 35.7040208, -119.3268871 35.703302, -119.3252349 35.7032977, -119.3252563 35.7072268, -119.3302882 35.707205, -119.3303525 35.7032802))"
